{
  "Workflows": [
    {
      "Path": null,
      "SortBy": 0,
      "VariablesSectionElementsOrder": [],
      "ArgumentsSectionElementsOrder": null,
      "ConstantsSectionElementsOrder": [],
      "AddedNamespaces": null
    },
    {
      "Path": "Main.xaml",
      "SortBy": 0,
      "VariablesSectionElementsOrder": [
        "DT_All&Sequence_1",
        "Con_Mssql&Sequence_1",
        "DT_CaseNumber&Sequence_1",
        "DT_PRListType&Sequence_1",
        "DT_Error_Response_Deserializing&Sequence_1",
        "DT_Keyword&Sequence_1",
        "DT_Summary&Sequence_1",
        "DT_LegalTerm&Sequence_1",
        "DT_Response&Sequence_1",
        "DT_Request&Sequence_1",
        "DT_Request&Sequence_31",
        "Con_Mssql&Sequence_31",
        "DT_PrecedentList&Sequence_1",
        "DT_Precedent&Sequence_1",
        "Dic_Config&Sequence_1"
      ],
      "ArgumentsSectionElementsOrder": [],
      "ConstantsSectionElementsOrder": [],
      "AddedNamespaces": null
    },
    {
      "Path": "invoke/APC_GetGpt4Response.xaml",
      "SortBy": 0,
      "VariablesSectionElementsOrder": [
        "Str_Response&Sequence_2",
        "List_Questions&Sequence_2",
        "Str_Json_Output&Sequence_2",
        "Con_Mssql&Sequence_2"
      ],
      "ArgumentsSectionElementsOrder": [
        "in_Str_Api_Key",
        "in_Str_Question",
        "out_Str_Answer"
      ],
      "ConstantsSectionElementsOrder": [],
      "AddedNamespaces": null
    },
    {
      "Path": "invoke/APC_GetGpt4Response - test.xaml",
      "SortBy": 0,
      "VariablesSectionElementsOrder": [
        "Str_Response&Sequence_2",
        "List_Questions&Sequence_2",
        "Str_Json_Output&Sequence_2",
        "Con_Mssql&Sequence_2"
      ],
      "ArgumentsSectionElementsOrder": [
        "in_Str_Api_Key",
        "in_Str_Question",
        "out_Str_Answer"
      ],
      "ConstantsSectionElementsOrder": [],
      "AddedNamespaces": null
    },
    {
      "Path": "invoke/Invoke_openBrowser.xaml",
      "SortBy": 0,
      "VariablesSectionElementsOrder": [],
      "ArgumentsSectionElementsOrder": [
        "In_Str_Site_Path"
      ],
      "ConstantsSectionElementsOrder": [],
      "AddedNamespaces": null
    },
    {
      "Path": "invoke/Invoke_PDF_Download.xaml",
      "SortBy": 0,
      "VariablesSectionElementsOrder": [
        "Str_Name&Sequence_3",
        "PRSeq&Sequence_8",
        "int_Count&Sequence_2",
        "int_amount&Sequence_2",
        "int_Download_count&Sequence_2",
        "Bool_check&Sequence_5",
        "Str_Name_PDF&Sequence_3"
      ],
      "ArgumentsSectionElementsOrder": [
        "in_int_input",
        "in_Str_Download_Path",
        "Out_DT_PDF_NAME"
      ],
      "ConstantsSectionElementsOrder": [],
      "AddedNamespaces": null
    },
    {
      "Path": "invoke/APC_InitAllSettings.xaml",
      "SortBy": 0,
      "VariablesSectionElementsOrder": [
        "List_ConfigSheetName&Sequence_9",
        "DT_Account&Sequence_9",
        "DT_Config&Sequence_10",
        "Str_PW&Sequence_15",
        "Str_ID&Sequence_15"
      ],
      "ArgumentsSectionElementsOrder": [
        "out_Dic_Config",
        "in_Str_ConfigPath"
      ],
      "ConstantsSectionElementsOrder": [],
      "AddedNamespaces": null
    },
    {
      "Path": "invoke/APC_SycronizeDB_DT_PDF.xaml",
      "SortBy": 0,
      "VariablesSectionElementsOrder": [
        "Con_Mssql&Sequence_24"
      ],
      "ArgumentsSectionElementsOrder": [
        "in_Dic_Config",
        "in_DT_PDF_name"
      ],
      "ConstantsSectionElementsOrder": [],
      "AddedNamespaces": null
    },
    {
      "Path": "invoke/APC_SplitPrecedent.xaml",
      "SortBy": 0,
      "VariablesSectionElementsOrder": [
        "Con_Mssql&Sequence_38",
        "Str_Text&Sequence_38",
        "int_Page&Sequence_38",
        "int_count&Sequence_38",
        "list_text&Sequence_38",
        "Str_FullFileText&Sequence_38",
        "List_TextForJudge&Sequence_38",
        "Str_download_path&Sequence_26",
        "Str_PRSeq&Sequence_26",
        "Str_PRType&Sequence_26",
        "Str_Judge&Sequence_26",
        "Str_PRText&Sequence_26",
        "Str_Reason&Sequence_26",
        "Str_PrevPR&Sequence_26",
        "Str_HotTubbing&Sequence_26",
        "Str_RefPrecedent&Sequence_26",
        "Str_RefProvision&Sequence_26",
        "Str_Headnote&Sequence_26",
        "Str_Holing&Sequence_26",
        "Str_PRDate&Sequence_26",
        "Str_SubSeq&Sequence_26",
        "Str_SubTitle&Sequence_26",
        "Str_Title&Sequence_26",
        "Str_Institute&Sequence_26",
        "Int_MaxLine&Sequence_27",
        "Int_Try&Sequence_27"
      ],
      "ArgumentsSectionElementsOrder": [
        "out_DT_Precedent",
        "Dic_Config",
        "DT_PDF_name"
      ],
      "ConstantsSectionElementsOrder": [],
      "AddedNamespaces": null
    },
    {
      "Path": "invoke/APC_SyncronizeDB_DT_Precedent.xaml",
      "SortBy": 0,
      "VariablesSectionElementsOrder": [
        "Con_Mssql&Sequence_39"
      ],
      "ArgumentsSectionElementsOrder": [
        "in_DT_Precedent",
        "in_Dic_Config"
      ],
      "ConstantsSectionElementsOrder": [],
      "AddedNamespaces": null
    },
    {
      "Path": "invoke/Invoke_판례 스크래핑.xaml",
      "SortBy": 0,
      "VariablesSectionElementsOrder": [
        "Str_Cnt&Sequence_15",
        "PRSeq&Sequence_8",
        "int_Count&Sequence_3",
        "int_input&Sequence_3",
        "int_Down_Count&Sequence_3",
        "Bool_check&Sequence_4",
        "Str_CaseNO&Sequence_4",
        "Str_Kind&Sequence_4",
        "Str_Raw&Sequence_4"
      ],
      "ArgumentsSectionElementsOrder": [
        "out_DT_PRListType",
        "in_Str_PrecType",
        "in_Dic_Config",
        "out_DT_PrecedentList",
        "in_int_input"
      ],
      "ConstantsSectionElementsOrder": [],
      "AddedNamespaces": null
    },
    {
      "Path": "invoke/APC_SyncronizeDB_DT_PrecedentList.xaml",
      "SortBy": 0,
      "VariablesSectionElementsOrder": [
        "Con_Mssql&Sequence_28"
      ],
      "ArgumentsSectionElementsOrder": [
        "in_DT_PRListType",
        "in_DT_PrecedentList",
        "in_Dic_Config"
      ],
      "ConstantsSectionElementsOrder": [],
      "AddedNamespaces": null
    },
    {
      "Path": "invoke/APC_SplitPrecedent2.xaml",
      "SortBy": 0,
      "VariablesSectionElementsOrder": [
        "Str_Area&Sequence_26",
        "Con_Mssql&Sequence_38",
        "Str_Text&Sequence_38",
        "list_text&Sequence_38",
        "Str_FullFileText&Sequence_38",
        "Str_PRSeq&Sequence_26",
        "Str_PRType&Sequence_26",
        "Str_Judge&Sequence_26",
        "Str_PRText&Sequence_26",
        "Str_Reason&Sequence_26",
        "Str_PrevPR&Sequence_26",
        "Str_HotTubbing&Sequence_26",
        "Str_RefPrecedent&Sequence_26",
        "Str_RefProvision&Sequence_26",
        "Str_Headnote&Sequence_26",
        "Str_Holing&Sequence_26",
        "Str_PRDate&Sequence_26",
        "Str_SubSeq&Sequence_26",
        "Str_SubTitle&Sequence_26",
        "Str_Title&Sequence_26",
        "Str_Institute&Sequence_26"
      ],
      "ArgumentsSectionElementsOrder": [
        "in_DT_PrecedentList",
        "in_Dic_Config",
        "out_DT_Precedent"
      ],
      "ConstantsSectionElementsOrder": [],
      "AddedNamespaces": null
    },
    {
      "Path": "invoke/APC_SyncronizeDB_DT_Precedent2.xaml",
      "SortBy": 0,
      "VariablesSectionElementsOrder": [
        "Con_Mssql&Sequence_39"
      ],
      "ArgumentsSectionElementsOrder": [
        "in_Dic_Config",
        "in_DT_Precedent"
      ],
      "ConstantsSectionElementsOrder": [],
      "AddedNamespaces": null
    },
    {
      "Path": "TempSeq/Invoke_RequestWord.xaml",
      "SortBy": 0,
      "VariablesSectionElementsOrder": [
        "Con_Mssql&Sequence_1",
        "DT_RAW&Sequence_1",
        "_out_ForEachRow_1__CurrentIndex&Sequence_1",
        "Str_Area&Sequence_2",
        "Str_SubTitle&Sequence_2",
        "Str_Holing&Sequence_2",
        "Str_Headnote&Sequence_2",
        "Str_HotTubbing&Sequence_2",
        "Str_PRText&Sequence_2",
        "Str_Reason&Sequence_2",
        "Str_Request_Word&Sequence_2",
        "Str_Text_name&Sequence_2"
      ],
      "ArgumentsSectionElementsOrder": [],
      "ConstantsSectionElementsOrder": [],
      "AddedNamespaces": null
    },
    {
      "Path": "invoke/APC_MakeRequest.xaml",
      "SortBy": 0,
      "VariablesSectionElementsOrder": [
        "Str_Context&Sequence_33",
        "Bln_isTxtExists&Sequence_33",
        "Con_Mssql&Sequence_34",
        "Str_Area&Sequence_33",
        "Str_SubTitle&Sequence_33",
        "Str_Holing&Sequence_33",
        "Str_Headnote&Sequence_33",
        "Str_HotTubbing&Sequence_33",
        "Str_PRText&Sequence_33",
        "Str_Reason&Sequence_33",
        "Str_Request_Word&Sequence_33",
        "Str_Text_name&Sequence_33"
      ],
      "ArgumentsSectionElementsOrder": [
        "out_DT_Request",
        "in_DT_Precedent",
        "in_Dic_Config"
      ],
      "ConstantsSectionElementsOrder": [],
      "AddedNamespaces": null
    },
    {
      "Path": "invoke/APC_SyncronizeDB_DT_Request.xaml",
      "SortBy": 0,
      "VariablesSectionElementsOrder": [
        "Con_Mssql&Sequence_39"
      ],
      "ArgumentsSectionElementsOrder": [
        "in_DT_Request",
        "in_Dic_Config"
      ],
      "ConstantsSectionElementsOrder": [],
      "AddedNamespaces": null
    },
    {
      "Path": "invoke/APC_GetResponseProcess.xaml",
      "SortBy": 0,
      "VariablesSectionElementsOrder": [
        "Con_Mssql&Sequence_38",
        "Str_PRSeq&Sequence_38",
        "Str_Answer&Sequence_37"
      ],
      "ArgumentsSectionElementsOrder": [
        "out_DT_Response",
        "in_DT_Request",
        "in_Dic_Config"
      ],
      "ConstantsSectionElementsOrder": [],
      "AddedNamespaces": null
    },
    {
      "Path": "invoke/APC_SyncronizeDB_DT_Response.xaml",
      "SortBy": 0,
      "VariablesSectionElementsOrder": [
        "Con_Mssql&Sequence_40"
      ],
      "ArgumentsSectionElementsOrder": [
        "in_DT_Response",
        "in_Dic_Config"
      ],
      "ConstantsSectionElementsOrder": [],
      "AddedNamespaces": null
    },
    {
      "Path": "invoke/APC_SplitResponse.xaml",
      "SortBy": 0,
      "VariablesSectionElementsOrder": [
        "Int_SubSeq&Sequence_44",
        "Bln_IsError_Deserialize&Sequence_37",
        "Con_Mssql&Sequence_42",
        "Str_Json&Sequence_37",
        "JOb_FullText&Sequence_37",
        "Str_Summary&Sequence_37",
        "Str_SummaryDetail&Sequence_37",
        "Dic_Keyword&Sequence_37",
        "Dic_LegalTerm&Sequence_37"
      ],
      "ArgumentsSectionElementsOrder": [
        "in_Dic_Config",
        "out_DT_Response",
        "out_DT_Summary",
        "out_DT_LegalTerm",
        "out_DT_Keyword",
        "out_DT_Error_Deserializing"
      ],
      "ConstantsSectionElementsOrder": [],
      "AddedNamespaces": null
    },
    {
      "Path": "invoke/APC_SyncronizeDB_ResponseSplit.xaml",
      "SortBy": 0,
      "VariablesSectionElementsOrder": [
        "Con_Mssql&Sequence_45"
      ],
      "ArgumentsSectionElementsOrder": [
        "in_DT_Error_Response_Deserializing",
        "in_DT_Keyword",
        "in_DT_LegalTerm",
        "in_DT_Summary",
        "in_Dic_Config"
      ],
      "ConstantsSectionElementsOrder": [],
      "AddedNamespaces": null
    },
    {
      "Path": "invoke/Word_WorkBook.xaml",
      "SortBy": 0,
      "VariablesSectionElementsOrder": [
        "DT_Customer&Sequence_41",
        "CurrentCustomerEmail&Sequence_41",
        "DT_WordList&Sequence_41",
        "Word_Template_Path&Sequence_41",
        "Str_Word&Sequence_41",
        "variable1&Sequence_50",
        "Ary_file&Sequence_48"
      ],
      "ArgumentsSectionElementsOrder": [
        "in_Dic_Config",
        "Out_DT_All",
        "in_Str_PRListType",
        "in_Con_Mssql"
      ],
      "ConstantsSectionElementsOrder": [],
      "AddedNamespaces": null
    },
    {
      "Path": "invoke/APC_GetDBConnection.xaml",
      "SortBy": 0,
      "VariablesSectionElementsOrder": [],
      "ArgumentsSectionElementsOrder": [
        "in_Dic_Config",
        "out_Con_Mssql"
      ],
      "ConstantsSectionElementsOrder": [],
      "AddedNamespaces": null
    }
  ]
}